rank,wallet,rundead,bones,fastest,slowest,,last updated 2023-03-26T12:13:01.615Z
1,5ymSb18BertZExxdCEoN977gpyDwoMguHqJEKQxhrRPc,1779,28802,1,0
2,4g634dgGhcNp62t2WDjVQxVyAC1NjyKcjJH8NKvUwyp2,1404,24936,1,0
3,8kq1MjV5ogn6DnAn6EF2LQ7df42vRScfNSHXZcG5QdXf,628,23741,1,0
4,CeKZw8johdwY1gcdvkAxamWtEdfs4p2pBFC5f5biZBqK,1232,20022,1,1
5,G9BKRu2f32HqaY4KznuYzQfYPz26sdDky3fHm1ykdJwg,2,18811,1,1
6,5R3qRn9ct8tjgxDSvWFxbdsAowxxJKwqwFGjVx2XJ7eq,5,12168,1,1
7,FMxrPUn7AUVZHWQGPQWiMJ7GopEyDDrvmSkL5tzJsJbD,80,10273,1,0
8,4zdNGgAtFsW1cQgHqkiWyRsxaAgxrSRRynnuunxzjxue,96,9923,1,0
9,9RLFCpASwSYzuvpZr29r8moNwHqT8NWXwCJ9dDdGUPdJ,1,6586,1,1
10,9MtyLEcs8gVDnVQ69dE4hFNNLegovkCUpAtgMZ5SioGD,2,6506,1,1
11,7bAd5YLNKKL74qEBwmeZ9a777KXP3AxTTZiU3zGVUEvV,404,6500,1,0
12,AjMp7rZQtf1Vw5q24tp8prg4WkUYBj2GHWub3ZGKKTTG,358,5722,1,1
13,61m4iiuXDXKD84i2UkGyfAm8muGZReRz1YHiZKCBDggw,110,5211,1,0
14,3cgYNetTxQomGsURNoMndxZ5uFnmL5ajbsXT6d8Tb2Pt,1,4937,1,1
15,AZpWn85w2fRcT1iX1K5kxJhNJwCTVAL1dh5FgBzALE4E,4,4720,1,1
16,DqF5veeFnNCDhVytN9pEaJe5kjSAz9SwJDoce3g5iApk,260,4061,1,0
17,EjnypGiTDdrou7fdBsX5E6iG2EhwJDA4osheLECT6tjf,248,3863,1,1
18,HwXo9tHC7T8exg3zHuUCanQkxGqKMeEHaPTXfumGALps,1,3707,1,1
19,2RwRMC8gsUTLJNuCDZ9kHZ5yEVCGgtRr5tzkGKn8SP33,1,3621,0,0
20,FvqtbrT1tZH4KxuMrZD2QixiP6PbVdLebcWtd5i6yWP,10,3373,1,0
21,8yhsKJDXVCS4effwqAjMyKvJ3QrYwguMvqGM3PDPS4qE,200,3247,1,1
22,Gz2GBH7PYUYgq85L2FzihwuTvKQqq1ZW2EDEKf6TZXFV,1,3242,0,0
23,H71YdBVU1ta13dpVg76aFZugfJUgvnuQmf6Ma6KyQ89w,12,3230,1,1
24,A7aKSqGNTkJ66Un7fPHutnnszxpqL6w7pPg5Us6UacDL,164,2599,1,1
25,Ei2et9SigUBdCiwe4ViY9AaZmYbDHEAMZAXwLP6JLH32,1,2569,0,0
26,BwbpULvQJpWRjUtoW8CsFMURDtMai8ZcjNZiXUi7Unen,146,2313,1,1
27,AMd2igsnzbrZp5i7DrqbQpJNSpWeD45wPVuyYYi2VPu8,126,2104,1,1
28,6fURZJWxSxpytCeSu6baVRTZr8tf6aRfh4wLiLey2qHU,9,1655,1,1
29,5KDukWyEY5qeKeymEWxmAo4Jtae3VqZpNVonGfkPxqeE,100,1633,1,1
30,8Vqq6bwjXPB98tYmQ9AHyyq9gBUiioERm3745Gy9Qr2,72,1118,1,1
31,AM7kkhTWdEy1yzxatBu9wGSwawaP5VtiLqkfYGpa4uuE,27,1042,1,1
32,5qpcXSxgcW7QdRF4En6A8Mrc8S8BZSRErtfPvwYpDonZ,63,1038,1,1
33,HaDG4mMkmbR1Q9Ntj5eEYUDq5bEzLc5mUyAqWjCHovgN,57,983,1,1
34,4g2iXZaKFmSYwP1rzDumBRx6HHYNTYrPZzPwTw1T4Wgq,52,920,1,1
35,tuh8PeFpaE71co3zQG6HedSMhsDFTsm7HFSL1WPw4uf,56,891,1,1
36,Frm21n9Pzqa19Q4kpUC2hWxKL8br3am83LRaynZn2ecM,56,890,1,1
37,GEQE4hhsxTruDqmvMiaFEfr8RoeYCxyYCrWUEf5C9rCt,1,877,0,0
38,BtmaGqso4KRAyeQKAN2MdVZXLVpXV6M31YpL4Ai3HUUa,2,825,1,1
39,27gSQq9KhBquBB22hK4fm6c64YnTHBDUQN2eN4J5ikxz,46,747,1,1
40,2CHq3h1oWcxnqGSPXnBBnwNdFwhwDeMteQv9GDzMPzXb,30,747,1,1
41,9XMyEUWRbNRs2XpBZNSTnX1hRgmUZQy7tozbnczu4ukM,44,727,1,1
42,2FAJugB4fGuzTXd3knoYHUTFj3Ap3WagRp8S5SxnKZBX,44,708,1,1
43,9E5NGVNgHjb2Su8Ba12tURr1iELewLonHx1HTpMn75cB,2,684,1,1
44,AVAoX4Ja2gHVpgGA2jK1VRAMYZCc33g2QBWh8QexzWEr,11,645,1,1
45,2gr8uRHisjnsKUmctTP4DDh4KMSzq57xiTPAmfQQ6hZq,39,641,1,1
46,magiceden,35,640,1,1
47,YupiGgQmQuDCoq5eGB6KAEVVkYe9JHE4GrfjCzsRjwp,40,638,1,1
48,FCjndw6amqEayYEHFsJFfEZLLc7bm8zK9d421szSNPpX,40,638,1,1
49,DuNffKCH5fyS3Vn4T4L8Dz35pA4YXgFEPMVv5ZUN6oUq,40,633,1,1
50,3hHMPnpYCYg2ih9TVFBBFykhnR8F5YQ6MnkJDSmy9QSA,36,626,1,0
51,AF91jWhoHmVKkaXVbcWb9KXrG2JTCVtcXmYZo34DuWAd,39,624,1,1
52,DMgPQMC5hDsRMdmtBhFjDF6jNrT2Pgz2Pr9EFZ3eCoe3,30,620,1,1
53,EZdoQ6PE2t7QycZeewNCmPPZfF1ediQfsjhUqJpaVTGA,1,613,1,1
54,7j9imwd6a5Y74zfjfDUy6Yzdm7PN5DMc6sPGfkBDV8Tv,36,611,1,0
55,GDxxDB5VixLA1XpiAGRV7wxjjHRWkHd4Pqz4b4YzTwm1,33,611,1,0
56,CZwrRs7oXAY8jfnwRUCAfRUJ3x5rc4FLk3xLJGG997Yw,36,610,1,1
57,2L5yhnpCfPrSZCMsjfWrq5GinEr6k9kACxncPt7Di2ZV,36,590,1,1
58,aLe3s1t4pmmhLNRgF9SGmhuxZtvJ6Gatj6wX2Z1MkDK,36,588,1,1
59,5uqwfTbyuwzgZPFpyUuYgT22GoJbJPJ7qUPJ7TbJGee3,22,582,1,0
60,2R4rPr2WruiqWynthNWehz4WyDuvGqNfP4qeN6JogdP4,36,562,1,1
61,889AWL6oAn6rpqSEinsqKwo8jZtdjgWqJxxtbxoCjTw6,33,542,1,1
62,ED3N1JiRmXdqgtHP6GoZraECRDV6Az3diZAsthic5KVJ,31,520,1,1
63,HBU971cGRFzBzSDknZACdkVBBFkVGbLiLjrG2SsoG3XT,5,500,0,0
64,3NkF4pRyNViiGj7pc6JFQb8s6Yj9bkY8S7P4cTRgd5rE,4,492,1,0
65,GCAU2LMpWkFyKK2NNXYbtmUrJNVMir9u3uDkvXdroGyg,33,486,1,1
66,2LyUDUYKRPvmLz9cCn5zfKgCTUpU9ivicaJwM4LkWEgh,31,485,1,1
67,EW3dNZNkcFXXz1PoGykE5bQR8J4PZbQbsauW2eD2x9bc,14,459,1,0
68,757bihWrfoXdZKezu2wnsviXereNKuUzDUARqGohcpCP,28,457,1,1
69,2qYoRja3deLDXcAS4T89GS8LKKv6LGVoDdvMbj5rGaDt,28,448,1,1
70,4aNQYkpB25dzqfCFzx6D444kyHHgBZzDKGmepsmfokAc,26,448,1,1
71,3QyVE962C4yPUFFGG7eUNwz9VpbVYHpgjByJQjgDfqVe,1,442,0,0
72,DhCEwxR5hRFB6Vama1a3cZ1RhzkKMBGdATdhfktp8MzL,1,429,1,1
73,EfWzmSQW3VB8BVmNFBA1M2GcsQcZCWvSD27WArGs753p,25,428,1,1
74,EPcc45VhdoBBiZE3A2Z4oxJpkTU8sxTfncapyZ28jqb5,1,420,0,0
75,9S8zA6qSaAiSsHyKFvCWUhKngSXWL7BA3VgxPZ8gkPsn,13,400,1,0
76,CBZS94Eedex4BJVwDtvKaT7zw3ggEQLRsZ4G3VGU4BjE,1,399,0,0
77,4KuqFG6JXaALyawiFhwuD6gcsBS5zHmCC6UPwBjEHkwz,1,396,0,0
78,5qJovqiG1j8tdq5S42Jvcx5hG4AT35PN57TPXiGSKiiM,24,392,1,1
79,9AarpZPtb7qRnbD7kLAVQc3oojPvW22EUt8NABzyefrp,24,383,1,1
80,CevKaLgeHotRcmnpdZxkJviHc3pYhkJ8tcKF7UuYsCfY,1,370,1,1
81,Gka16Rx3vNjP7shsejUygLsrEngxcV89QGart4fMXHkK,22,364,1,1
82,9oV51ffXvLUcKQuJZFkEwECdcBzFiUg4z8rpRYUo1MiK,24,363,1,1
83,5QtqzXJDQbbVZrrWJhWcEFMZpCkcEM4WqBJLbGiPTQy5,20,362,1,1
84,6iA5sPtm3wnJhextDaztxkS2miWgXteC5qabv6V4KaLS,18,362,1,1
85,DvYQw74yaEgs1YZNm5DYJ91NSKrWGh9dZHfhL5P2gshx,18,347,1,1
86,3VSBuhwqKHhVv6BqpkZ2bAe7HDF1J4DiK4f3177d4Q2M,26,334,1,1
87,6ZEb7jnH7uLAkCFuQwrHDdAMBZUiFWbJufJgdC6FKRWJ,20,330,1,1
88,Vin73XDYzyVV2F4ReVjnawmBZfw7wbnqWaBL8CTVHQ2,19,330,1,1
89,88yRyTR7SiDXgoFSRU92VvqmcRTQ1EoVuQBNFcgRduHc,20,326,1,1
90,5WLsxqiYGAnPyHS4LVJycRxF4yfomprw4MPdmwuhvPkF,20,325,1,1
91,7Ab11RndQTm7c42SbiRDbR21kKkQqD8Y37XT1qWmpjt5,20,321,1,1
92,49WGRu1XmDaU3PGmE1mWtN3VwykU5BTkzmMStuinawM3,20,321,1,1
93,BcZ772JnDdu2ijEyFPjtVvYcq6CKno7zJqsmdFUAgf8n,1,320,1,1
94,5Bze9beSQmGXAjNN7YPBMcyBYMVxJVtMBaFKUQmvVc5F,8,318,1,1
95,HPhqebbDRywTrvrmJPKtnVR8SukLXTRyfvPDxa9i8K9x,1,316,1,1
96,8nmVNHG2xhKLEiwUC5tovA69hmEnUKFFHDsMXiH9eavd,2,312,1,1
97,FQTh3cyWjsAN1ZrBD7kd8dWiW4AbznjXocEc64KqXLeb,20,306,1,1
98,2nEMS3bucSfFxedfcQpBKSUoTUp19wALiCTBpG1Gqv5U,1,306,0,0
99,FHMGzrfWsjwegnXjEnxUbUSzVk4kJjucLwtwBhpkFZqA,5,300,1,0
100,5aYeVvuqWe1eUfr1EZWYUAkjoAf22bHcCiud95ogojKD,5,289,1,1
101,Eap8rRgFBEi3Y4W8zFpw4muTuvKteTqjC7BTrWNe7QoB,16,286,1,1
102,4fiJednAKe63Vsnj5JdkjvfDJ8DLcwpiYnCpQmGK8eLn,12,284,1,0
103,ApMvErgFuH9wEc4SsY6NzKYDUixPcJBexjWAGWhXxech,10,283,1,1
104,BhTuFEjnfR4KJ5pctCaZtCoAdih7dDiHskywjJpGMJun,19,282,1,1
105,8Sid38QZK7K1BHmPbPdcTbiSt2f6XYhFSKF6EPUguaky,17,281,1,1
106,4tzsxAsxErQ8hEZUr2AHVMyKXPmTwNn6uiPzKpJiZkz9,17,280,1,1
107,88DWZEQGbodQZn9jg8BwFqG1Ks23vNcP7qtueZidUi4t,16,280,1,1
108,CqRX5oC1CBKZorM5ZvHSwGY6shczcHKnENHpBqBfShDj,13,280,1,1
109,D748bKZqABc5wNCQsQwCXb4x9Knsm4pBfD6y8r5UYvxn,18,279,1,1
110,A5RoqfkL9TJp16zwbXywjPuQNWzeW2uxYSEn1LsLYdzz,16,276,1,1
111,C6eC5bQFtmsdANNpMAMgFKko9YuE8Mw7PqYm7CGBWAS1,16,274,1,1
112,2qFauKYwgrtva7zQi9w5PY476n491WBJ7saVkjj9Fnx9,16,270,1,1
113,9taQkHysREqoP9cTecnFZt6raDgPV5Fkf7KoaWpMT6CM,5,270,1,1
114,6ocMpAd5uKChsVZW2DnsM9hhbUKZpfomUWSGeTr4Q5g3,18,267,1,1
115,7zRxZbVHrK1jYLufqahQv1oNj3f5DAU4JMrNSqYgPPSo,17,265,1,1
116,38AQeQ4yxZs4fFvvxgyYtPqboRohPZEAoWt5pYGBprh1,16,260,1,1
117,AWmNNbkReZeRuDnr4SzaZjbA3TNjmWu9fYLBgJXPNG85,14,256,1,1
118,D45BcdnBEZhnP4VXzG8MGzWDLgiBAvrvVmgTixPwnoBs,5,256,1,0
119,5ofztG4MLV8p53NMF6MFCdLpA2k5nfn18F3Lb9nAhDXg,16,255,1,1
120,HhLJA5EWvJygtKksWp9xGYFYgdSdtrz4Mpd1VhPzC5Ae,16,255,1,1
121,DtfPpcsKLhMdonwoT9YbqHLWoWyKo9Jirt8KNiGKmRue,1,255,1,1
122,GgzFm1HhtoD1Kr9MTq8JAf3tg64x21WtKLkRa76yn7KS,18,252,1,1
123,CvMYtJn2n9gRJi3gCuQFt9PuAHwm8yN9tZYf8ySYpAd5,15,252,1,1
124,CFsDRAnCUQ9gY4C7zJjovuQTbfXhYXaEeMNXCMirHx1B,16,251,1,1
125,9DhsaDswxrD6seqKfTrBLtYofJmfxvwCGH2CEoZrpfxM,15,250,1,1
126,AFYTiexe6WJgtZogQet45yEXvBkEE1vVJ3Bsd2382eU7,16,248,1,1
127,7Ec2HZywZZnMYQ9nmhaoKEKyE2UUxRTKjnZZQWzNbwUp,15,248,1,1
128,4znf5pPof6puvK4Rd5BQGZfpzf4gCNXViputg3hBEbDK,13,244,1,1
129,2QjHY669ysM4hSqz3mgm2Wz5UyPVM8bxCLcRabxhuAgf,2,243,1,1
130,6rNNdysXvhqie8SLhzA2V8WHf8THGgtzGckyrHu1wrAW,12,238,1,1
131,87yoMT8NEMmHp3qZCN9c7j1QpJnEJdBxeNES3FiYsrm,14,235,1,1
132,SeFigEDwGikN9Jbrbgcixm9i2bAwxZgHmxHDkCJ7zMp,6,234,1,1
133,9T7Q5wZ14KXyCGQoKVKq1RiZjFK1Qia8quvLALunsM4k,7,233,1,1
134,HMpM7qdNy3cngywHnwPACJEmmfyRsFTdk7VugQFCkCie,13,232,1,1
135,97ZC7u52JeLPk3fEK6MUFdxnnjhx2bvc8LmiSEHrX58g,12,231,1,1
136,6rKRda5HZXd2h8Mo5ZBZqWQU6rnK2RQgYC1Y3tiDGJrM,12,229,1,1
137,9RWRCJGymAUV4kvsQuLpJitp48zSGvGEccVcfihgUzVG,2,225,1,1
138,FuH5ogbrCbAowZWatqdKqv4CgHjULVpUEuBrYeVLJ3K1,1,225,0,0
139,FwvCMvYh3KSNjQPbu8STGYWfiLReRJa57i4TxPNwUw1o,1,222,0,0
140,G3woxPtL5Uh5MVVa8ZGYxZThRMsv2FV6gqtEbfHWbaGf,13,217,1,1
141,8umPs96cv2UYpnDKeUshdUx6Xd3g4CfknrrM1gUg6fbN,12,216,1,1
142,HVcFPeraZZmXG55fqdQtW9suXJDhXVPY7nSXwgnCV5gr,12,215,1,1
143,CCbc7RzF2vufCaVKBHCk6fbuGEMDDzrtq3qhwudd2wGz,12,215,1,1
144,DRPeMowpMdNNLzmsq6TydXPiMUosLAgtcJGmxPAVDNYA,8,213,1,1
145,H99WGfhdriZB6zVZd2AsQeYRXt13FpHuXWRhUbCt2i77,12,212,1,1
146,EX9VpgMMuotFes34rAu29myAkNskjs6sq2dpgD457YHA,9,211,1,1
147,Ckb1BQuZJUKVNkYVCBqHq4gfETmYyo9YpN1RTXG9iuL6,12,208,1,1
148,Cit1jWR2QwmfiskT5M1NRd3u8uA7XwhARvgqAiCHNWNg,12,207,1,1
149,AKmRajYt6CrHFNVLr5mcG6kwtnZNk7Eo3JruqFbjWS8e,3,207,1,0
150,2YcsiKCBdT8SZdbgm9UWwgnozRq7A7sFZVBhcoKiUUXd,3,207,1,0
151,9PPeCR3LbnfeMZC2MLte3poiH5uRdz1FBsL7oKyGrkWi,1,207,1,1
152,2odaT1Zo8MjhrURExdqRoTcBZyPqT9rrvAc66gkxaLJ5,12,206,1,1
153,9rnHKyUygYfdjoQXDQYrtJHPCe19BPkgVUDJD2JnLp84,12,206,1,1
154,6GZ8CF3zRPrzbkHvRSAUENcgQZxDRXSDwsXFP5dxZquC,12,205,1,1
155,6uiPFTbD3S5aMoyo7r8DGnBVGzoHdC5wPCUaK35Dipjv,18,204,1,1
156,DEAf6NEi9Xn8KaUKVc8RKnW5KdWEQmapwT16BgdaKVhn,13,204,1,1
157,5EDTCXugermuX4V9XxxgykYmaMicBvXGtWKWXktSn72a,14,202,1,1
158,Fjqc9MvTdbooZLxKqZXWdi2GjoJUg2mj9HL9K55wkbZk,12,201,1,1
159,Gj9t8LMm95XVhNBrVacvzUxPUJTHoo3RdBkN4T9KfR9,12,201,1,1
160,JA5vCSLRBJmrpKhocHmf3Kx3T9W8uoUap4e9YVtGvb5j,12,201,1,1
161,331MBFmmRSJ8J3vMCnuzwGfdKNdX9A6JDU8xhPcQ4FF6,6,200,1,1
162,5Z9nTrRmoqeiMzZgpyjGfLaSJpK4UMEhEediKsFsKDe9,14,198,1,1
163,AvVmDxbZio2uDZwZu7uXiJRVhM5AhEZ8wWRj4Ah6rVR1,13,197,1,1
164,4ja2N12Zczh9K25zGFTfao6yPdTZSfA5Bw4QueSmQCYJ,12,197,1,1
165,DxZd64s8zj9ujUfnfox24k7iV6bGP2ks1C9gz75WMiyA,12,197,1,1
166,5bZS6WG1vx2UJsbo7jWnRwuKgNQdCvVknMrYcjkdQAA6,12,196,1,1
167,Gsv13oph2i6nkJvNkVfuzkcbHWchz6viUtEg2vsxQMtM,12,192,1,1
168,D7dcuP3eFPeC9UFALbYNAQrWn4WqZUgQq2Y99nnUHbrY,12,191,1,1
169,E7MwrNbFtDaymDxa5ah69z1EyynFkWKrWnrGNSuL8BUo,12,190,1,1
170,FR7UuJu3Pp6o43ieAiRxvejqBJ9JJ9DmEyaJhfXatSGZ,12,190,1,1
171,BVnnSwMYLaaAron6S1QgoK5kSUgp7D8SjYUoxPDtiGvA,12,190,1,1
172,F6w9iy1cvVYyZZZKwjCGPJLrcukBhkPtNdLWVtno85uU,13,189,1,1
173,5MZJ6Tm1nPS293i6n1Y8E7TTCVzqHg8CtzdvTtncQCQe,12,189,1,1
174,3cThpUeMfAAA1g7gS9UcHmexgkEEdpEfP1Y4eej3AiYB,12,189,1,1
175,5U7i87dM3CZpNwsVG8Xov9YmFtkEFuaKNKz6eCaZNnrv,1,189,0,0
176,3KcgZxhkKaguYxCr4HdywRawQboWJBRAKFuiExYjKFZB,12,187,1,1
177,Ez2U27TRScksd6q7xoVgX44gX9HAjviN2cdKAL3cFBFE,12,186,1,1
178,G6tVCURWSaFiaQWUxENLQv5fNuFoH64JSxS4B3WvjiKK,12,185,1,1
179,2XKPWxJ3Dk7rE6NXZaVFkBkpvFC3TDsXG3JjtJ4pU3Lk,12,185,1,1
180,4iLYd1yWJYB5A8dYy1XvksLTGvnBSt3zo5fFD3NvRYo9,13,182,1,0
181,5zmRoXQtH9Y67TxmnzFJXwaxtygimRFV5h1SDCww29pf,12,182,1,1
182,5utx8KnHg1TPg5STRMDqha3euPPWGXtkQG87zkq3LRCE,12,182,1,1
183,3rvufcqwNN6kZW6J9jCa1UGVr7qEK2kxpvE98bYTqFe8,12,181,1,1
184,7faynnJJ8EMHFS4qvbdUjmxcaJRK2A6gJPR6CzxfDSFM,12,181,1,1
185,3dce4krt3aAUTk2vxMgYJNn7eqPJZeQPpRARUFviW4t5,13,180,1,1
186,8cFr4drnJxfdbYrSxhcpvRmrEbwdEtH3ounFHtVN94ta,11,179,1,1
187,BBQRHAyaDxbFj7U19ardcyfu9h9TB7CxFiqCSapbLQTm,12,178,1,1
188,7jg685BhAQRff8dwcjqu7cSkk66mgQ1AhUySGjWBLEPe,3,178,0,0
189,GEFZqqqHfLB5GWsKVBuoHiajzR6kPPgmdrLuJLcBB9bt,12,177,1,1
190,7kE5WveDJrtEjfXAVDdkj2j5gYegZQrQBfkTkgd8MES1,10,176,1,1
191,7zZhBipppaJiss3DxGTg7BiW6N9a4LLThf3Y3i35R5F8,1,175,1,1
192,3s2h9i2Jh9nhsomabQn3Q4qZoNiS9pNpvbms5NnuFZ2n,19,174,1,1
193,FgHHfYKL78rcv4PhvCZK5cG8Caowu9NJnizdtRudgQG3,1,173,1,1
194,AsmRseY3sjGtTa3LceQXuh66yPg6AUTBMsFprbnbWuX3,13,172,1,1
195,63Kaxzs8BxXh7sPZHDnAy9HwvkeLwJ3mF33EcXKSjpT9,12,172,1,1
196,7ZHS5iQHec2s8Jxu2wmiJs8jPPCupYHyu2b4rG4hFsWx,9,172,1,0
197,8exgFC3LFMPmXsGbpwZNgNnfR7NdyUVdZ2Rz1uCBiAuE,10,171,1,1
198,DZ619EDjX7MjVijYZ3p6gFZCgVwg7iM3EpHtAYccTHJc,12,170,1,1
199,BcZBAyghn8visi3U58ZjS2gZqVm77AyxbHsadw9zzn1e,1,169,1,1
200,Es6c3Mp1f4NbGroqwbCMAYd5Ex62mfm9hP8jkUET3w41,12,165,1,1
201,PDYiyqHAHXbn3ZRSBa5QXJcT454JEiVpf1sip6PaWbK,12,165,1,1
202,Hjhzq7cLQQ6X2cH5fSM3tWdR4Z1Nx9HYLKJQSmYqenhQ,3,162,1,1
203,odpsYiKmwJjXXfZwaWTAd6uspSpbC6mN4Z4HJwirTEt,2,162,0,0
204,BQ4mdDirGUSNWa9ReThAjS3eGkSmkFbGC9s8bJ1Jbk51,10,160,1,1
205,6E5oX86Bf896Fhg3QyNkzA5fPRAGbERft5DTbZnKZDpA,12,159,1,1
206,9Ux5i76PKh26VmaSEc5acC3PzjbTbau81ZtxkkZscxVD,8,159,1,1
207,2cKu2qKAcQiBU8PmhPVm1Z8Bid8jTZQ3kBVDG6WKmF7b,8,156,1,1
208,Eo4KwH4sBWd9qq2FGrymaykZtXsCyAhdUnGzCRoyXT91,10,154,1,1
209,DxgnBZYmXMpkAcbVwFn9RmMWvs2FNkA4cH3L6HqgtM7z,12,153,1,1
210,5C27bmKCZu97TsUBrAQhjH5csToJDJtTHrTnZAxhWuxP,12,152,1,1
211,7dbYWAKSaEh5bxbGP3xEDkMz9KUVtSyjAUgujHvqWg2u,3,152,1,1
212,9zxbkLPtyJgYcUAhvgCNuJKVqeh8HyusrK1NvJRgghFd,1,152,0,0
213,8YDGDkE7dRxTHrMCJTNtAGjj77wzxsHcNqCC1XhnZtNV,8,151,1,1
214,9u29VyeejibVDyYKsHt4xLWQuezq3cjeczAxdqRBv87i,1,151,1,1
215,BfShVSBDfmjb8ZpQcoRHBnW7n2aTBpSWM6sBRbgsswqe,10,148,1,1
216,3m4tXZ1TyULE5WRN9tR22W7JeZ2KBdefdpN7xu5CJLKW,9,147,1,1
217,DbaMcdueDGdLxUWxPT73mq3cK4fkjx9HLsGbQHa1DByv,8,142,1,1
218,DZkSD6ndfrtzeMGcGZDTx1Me5tnJEitBQccsP43C8uHj,7,141,1,1
219,6KYz4vYBMNWxHTBa9BdHjspZzFrNFN6ofjC754yibmJ8,6,138,1,1
220,5J7AJEtoPEXuJPgsmJd81QXzXeBL2h6mKgD2BYGuX6Uv,6,137,1,1
221,AhLTd4o1hKF3LdXjRQiyLs48qgAEtnSHugg9mXKYJd4o,8,136,1,1
222,FSgNC2k3tEwhyRJxcncMqqoVRD7bbAJkLFwX4jBUACJb,8,132,1,1
223,J7efDiyXxKk5Dvqg6dTCnmnzjrv4KvsfuWZPfx6gsSe4,8,132,1,1
224,96SoAJj9hezLYSWtiwNSrVumZibXxzX8hnRT3BmitFC4,1,131,1,1
225,CW27iAeyxF1k3buWfgW4mHoBhjtdyeRxHb8xdis8zK1r,6,129,1,1
226,8JoJZkwoTB1SfMztNBCT9vh9eH2wcMLZQPHKgpToZLCK,8,128,1,1
227,3XPmNaQy9DMUxUC6yuBBE3TmSNsL7Cz8rUNrHs8STXj2,1,128,0,0
228,9UtvG7PPjfoiqcHG4LBUTrGUXnywAnLm9xyTVCeUhbju,8,124,1,1
229,EWufrupq27FGoVr5zXhT7jQQYhmhYi9H2GYuQK2DaFXB,1,124,1,1
230,6QQWLpHx6iWECR2dSUwaW9JBWEe4PAqiZHDrLEsemuvM,7,121,1,1
231,3tFzsGU1qMusp1t2noze8F1tTqnePVqQjEHPqJdKeQuV,1,121,1,1
232,pn5FCk9xgeYX311dn1gigtefEJ39sPSob3Gad3SUVJx,8,118,1,1
233,FP5knkMJKxqM7YiLMxyyRowuegaNsEGghbMmW4zat9EW,5,118,1,1
234,7Rp51HCQBf3TFivfqMk65pAKbtogwrUpEAtfN3f8Ciz2,3,118,1,1
235,EAbP2AFAoSRUf7vaKGa9HcWKwSoqMnva2RwJrMTPdLE1,6,117,1,1
236,Hbrvgki3XHdeN742DxTQq9Jmqbfbj9xYWgrmLXCYpEH9,1,116,0,0
237,34D9uwhzj6oGdLRvUWUkj8tXmRdk3sDCbCdXAFUYnBN2,7,114,1,1
238,B7dG2BAzppnAnNwcC6BNVY1t3kszua2cPfKp9mCVqswf,3,114,1,1
239,21oUygjRUp5VGNKMJ9SuJpfT6LvnKn7ZDjCEHxxachXt,3,114,0,0
240,8xHoiYGDZZNMgsudtn2mAaG9tFurxw8Q1yNXkscUvokg,6,113,1,1
241,E6wWGdQ2PmgFWx3nMfpJz7ogZ3KbqVQLy2nnYX4Ngd47,1,113,1,1
242,5X36VbcnSRFnkStuYEJVPYq4GMXqTi1ebvp5v8hNKXFd,5,112,1,1
243,GwWmRtNf63forQ9JxmohqcKR3GnJEQ7qyxzxyPo7VRzM,1,111,0,0
244,2jkzRZaAt1PVjXxFjhR2z2SsTCzuJTYnnzdedXsZbJog,8,107,1,1
245,AjFQSGQZDmisxB9fvS95XFHdarYtGeiE3Dkjd4Taeb8c,8,107,1,1
246,8Z2DUUPQnzkAhPNmKFXHLHvWt3bx1wKpeinehs549us2,6,107,1,1
247,AFAL4eM4dNPNX1ENBUNURvE6F5By2zSki4dLaxtVdBqH,5,106,1,0
248,HyJLJRYKrX7sQiqXEFeBjyErE62ALoHUT8w3G2hsUsJu,5,105,1,0
249,J3KLYuHwX2q6YTfokZJiSxVbPGf2BHM3yQzUXxecXJjr,6,104,1,1
250,3MeFJZk7vAYRUCiUuV1KZwcZUwFEJPewmLzbyWGG9rkf,1,104,1,1
251,4ggmNJTqPUNbdvXpG9tR8UHUDCFsLf2x4yHEDMqFwEmh,1,101,0,0
252,FGHWEvk64YB9DFiA7FSBvRUL4DuLp3whKv1YgF7Ckwx6,4,100,1,1
253,24cbrKC7Bsr8S2YrUysttRKwDiQDpppKXn9mdvTq3JQ1,1,100,0,0
254,62XmP57M52CqUaJozq2wVD5XYfbeVhH3JA3yY6ZjSCRj,5,99,1,1
255,4QC6uARtuZXPbW5vyZJDs9UAPzg4h2Wb65XmASsXsZab,1,99,1,1
256,DQ7noXjzMTSGYM4AwDUJ6zGAs6PhHx7yDbUMAu7veoE8,6,95,1,1
257,AfnCSs9mHMGwUnYCaJ6JbMuxPrFvzd9kPWRdcgzpYfHB,6,95,1,1
258,9S7QPAAVhhTrkjgrdQdMho6nNjgf7qXc6Ap5tZN7gY2y,1,94,0,0
259,3Gx8KH93zNM1s2ZwJdBJUnAoGYuthc18V8tGNeLpJEyq,6,93,1,1
260,2ygDhwpwcGVm4nZGXfWUpFpxQgVLxBPvjyc1VsqPDXX7,6,93,1,1
261,7xETpQ2DY6fEgtc1ruwaHiS5xpmJcfAHYhe8CC9yGyuE,1,93,1,1
262,AQaZdrWb4yyBr12fWHAwyZ4PkoF3AoKSE2zKYpP3EB34,1,91,1,1
263,FrQSw2kb2FTWbhCmCZcBVmpu3uxDq2QNSAhshy8RPxDV,1,91,0,0
264,25XH39711eKcqwaJ6kATSPxExQhrYfvxuR35KpDppXqS,6,90,1,1
265,E2EaZzrhMYefqqQ7cNGUr5cQ17sifFtoyfAwd1Jf1Ux2,6,89,1,1
266,AARZGLHZ7F3Ct4sCjuJyx6Tn161U69tTPufHuSGB1WqQ,1,89,0,0
267,5RqwmbpYdwdp5cx3J7CnAUmvgkj3mPAJjNPp3186N7xN,4,87,1,1
268,DH3eWuvnAmLmBKHBXeGUtMXVBz9JpF1REiSu4n4sVJnv,2,87,1,1
269,4R4uNHHwfqVY8wLiws13tKsHLCqXLZquNbQ7AfD2vy3p,6,86,1,1
270,VoshysH2zi1246v7J3P1jWXWJqtwFufJzgDbNfahDfo,5,85,1,1
271,Gc497xZyy3Vz6KHE2YHRgCHkpwdtxfVeYJmCNch2DKFr,5,85,1,1
272,A92cVVFefsxjAvRBw3Dz9ZqjUGefhKKPjFTgByPdpe82,4,85,1,1
273,4p2dFZwtFemMpzGNwaH7UeHsd8ZB69CJoJAqmjG6zWZy,4,84,1,1
274,8YZiXu5T4trJRrtobGCEerkEFm8NKQcJNyeMSVeF1nn3,4,83,1,1
275,5Ej4GPDV2yNEejQmrPavvMkgTp5tVKpSTG5KvaUY6gpL,6,81,1,1
276,73i2ZC5FMKdFyokYJVB21LqjWhwgXxbgn2JigiqsQBry,5,81,1,1
277,8LrDezraoTQiJLbfDjXECp9efFKdpCeu1uYjCHx38opM,3,81,1,1
278,FNpsy7uDXG6dHU5CkvsYkigAKPrKXfUwikGbUQvJq39S,6,80,1,1
279,FibfPueUHiPq7F3fMb7ZGzL8o4erNFSm5NFdSBecv59H,1,80,0,0
280,4V2EMuvAyN4XS4T8QwE1hwEiTWqkegeXc3f4safPQwoq,4,79,1,1
281,AXA8gaik3ckUTjK1hLDBC7quVGgvgjKPZFai3d8zceTA,1,78,0,0
282,Gy7QhXRHurNaHYtCp8KNh3wA1wyR7g3HLZpQnCQFjH5F,4,77,1,1
283,G79SsVN8hHLUs3GP6kjmtYFZHHfthpr7CfTZSFMs9cCX,1,77,0,0
284,62uDLBVLdofrxvUkcCCQvoNfRucZeswkYLBjbnQqNiLt,4,76,1,1
285,8KUU21MBhtJBXnPMEpq7HZ3egoymHopizCydw12uNKfC,4,75,1,1
286,GapKqefWtpzNaMPMB6BWXt5Ad9E99RX2muyVLoK8hJt8,5,74,1,1
287,J3KAkrKMM429iJRAUm2t6Gweeta8qnnEY1iRMztZTMcU,5,74,1,1
288,FBv6dPT56nq7LG5BxdrTCs3hr57i722g1DLc1yE88jZp,4,74,1,1
289,EjhZG6b3Z5atKKykpMWB1mEyyAni7nJ7noNeX5HVgSDN,4,74,1,1
290,B8gQwfJee9oAX5JvLxLHX4m6U3KnXTwddeCeRCBs8R7Q,4,74,1,1
291,EAHJNfFDtivTMzKMNXzwAF9RTAeTd4aEYVwLjCiQWY1E,4,74,1,1
292,aJA2h3pSvXSx5hiHh6rc58HKFFBP7JxUavnM3JMKrnD,4,73,1,1
293,CF87WCmDSh5hbXumNPa455ZQiLJ2goUhhAL322adPBcS,7,72,1,1
294,HJ9dRjJP2RVhQnTyDj8dzEjS1LviChZRzHhRCBGvCBGt,5,72,1,1
295,7Fou3bZDM3CvMK1WvHF8TTVouFDUooSSicu37A2aiHvx,1,72,1,1
296,VvcvxquhETeFbbH8xQRD8SjCjh8Ky3srqDfJeMVWdJX,4,71,1,1
297,32ZrgFE9QUpj96BiXrdWs4AYXxBbJ7MvVvocFE7BwJt3,4,71,1,1
298,FsksQarqBpgaEn7a1jh5bFqwUYv2tokJHbtvY1HZE76H,1,71,0,0
299,F7Fu6wpyk1DG9waUd9LKQPAwbgPY5nELMDE6w3nCTaJp,4,70,1,1
300,JQoWUCZ6H2nVaUEJBMkKdZjSn44rnP8v33uijcBVQYa,4,70,1,1
301,ANjKZnHcWHpixQdmyrwDTswnsPU1pf311LrDtm4A3WV2,4,70,1,1
302,Hkr27XbdAsiwoJZMKq3hyCSQ8cA1Z9539VuAfMc5FqhL,4,70,1,1
303,Thief8vy3Q6DySWocTto8LN1HXHjWZ15LzCc37TwFfh,4,70,1,1
304,DibvTCFDPWnjiY1KtiuxxnJQiswEPPeZ4NFnnES52Ekm,1,70,0,0
305,5PMvfg3JiojV27pnypNnhzFMvUpDFGcnRuAK4GivrRfg,4,69,1,1
306,EtnLRQriT1QJ3rWKAJSNzXb4Z6SEkMrMjFVfYNtmPY5c,4,69,1,1
307,E2NuKddvBTuGCCyHwGTGJ1fSVTTRSsHEkMcDuitoGzGN,4,69,1,1
308,F9TPm125nc6BBv6EvhZbgtKC49Q4agFdB485WVxZojtV,4,69,1,1
309,7FAE65CmQUoUteXwHibqzEw39gcFnbbeFxSD35spzgXq,2,69,1,1
310,832ZfSR8ovsHqUNYVHbGA9kQLpHsv3dH2pSZ5mgimc1d,2,69,1,1
311,BUx4WPmCcR3fyUVhBTf4r7BoVSjrTvK3Az6Kb3XTg1zE,1,69,0,0
312,Br7pa9F6DUXs2Z92zvSD2RekRzmvoL4CtRXf8RrWbd9g,4,68,1,1
313,HbFhz9JEuXVkQvL2zqmSnDppAVY3d8u3t47UqV1fvmND,4,68,1,1
314,Cgiem57ZjxoHYjZWQoYYFsSM2fbNDoSVsvJj7wrfbW1o,4,68,1,1
315,3jRfaAzpsacq9FqoWFKqSrTmyH6NpbxmTJ76MVrZLVug,4,68,1,1
316,4gttFRwRQiLMPtS4MsN5RU2vQxqWENB3McTrDsXwRS4e,4,67,1,1
317,HQS2KVgDJ73Btx7Vrs5paAu6uj7yLcR3ZRAV78fqDRQg,4,67,1,1
318,AFo3ewDgC8h5ZLd6rmDBG94REf23ghctnBMd3J3Yun3N,4,67,1,1
319,9xRj97xx2PzHBSdxTvdTB2mxxX9eXbhkDHKVUaK9zW82,4,67,1,1
320,EV14wiTt2Y8vzXeW3hKK4hP6zK84tuuEKnQpF5CvpgCZ,4,67,1,1
321,DYYxknWpZoJ3HAWsSGhzepcxEZ7dsrPTqRtb5SDAe1oB,3,67,1,1
322,J4eKoEHFgnZWitZSeq2WkBnTB5XLf6WEumTzsybcco2G,3,67,1,1
323,5CKDCexXAXZBPPAYdMeDRS2BaZRZCqxTWAfdnsRBXRj1,4,66,1,1
324,CmFdb8ZrAQn8hQi8EkC6TppvpnSN15T35NnKAdGd4EC4,4,66,1,1
325,A5r8bvwCptanctayU4GkJzikrK8TrRBvyxhfACpJmpgX,1,66,1,1
326,6cN5EM7qUvCRFMhH5MpmnoVGmU2QPnMP8Nik6cdjQG5S,4,65,1,1
327,Y18nJ6K6fjhd2m4WUZ4iGLWnqn8D1V2Z33SRNTK1Ajw,3,65,1,0
328,GkXTWQtSEoFcWrTwDs6Gxf3YTKvt4HKXRDh5BV1xQCj3,2,64,1,0
329,AkkNboa44jTDRFW72KKeDoJ4REKxuPgqYzuTFuZq6EhF,1,64,0,0
330,7V3RTZUswQGfgVbo4d9tgepER2ZLAtXELZiZd6adgGjR,4,63,1,1
331,GRFp6FgaxJddNNZHJ969NjKzd3emNiVFMNNnMyQTXymL,4,63,1,1
332,6Aro1QW8m4HahMuw8AqBHCPCpkTH2MFwgw77dftQ3jMi,4,63,1,1
333,AbGg3be1mM5Y2cc9xif7DktLJx6juuCS3ARoy1Nb31a7,4,63,1,1
334,HC8RimpwFVjykLQ3Ft7kB6mPrEoCsFhhvgRimBKvuTqy,4,63,1,1
335,G2A2dwozuw2PaSTNQmJFbVVeoaX1P8YsP7Z5N7rAxS7u,4,62,1,1
336,BSJho6w1fcbQTtASHfBa61cX4EJq9i7EbTrXeYoAnd7s,4,62,1,1
337,FkY2pLayeB4oxL4rPdWRFrGXWDZqnBzhRFnJPhyMH431,4,62,1,1
338,2cYBZKjG9z8VSj2YwcybvEUsoiHU1aBPqe4ZoKMs3e3p,4,62,1,1
339,EQ5KPu6gFdLiH2wFSosJMvzhLhG4JvEoiNBiF11uXVTn,4,62,1,1
340,HJPpzQhGMrUnYYQcVaUHopmGSRUwqn4TJjkGY51X8YkZ,3,62,1,1
341,AkmMzLxCeyWDQAKHQJU2jWBuXctXgkvBtjqMdZc39oog,1,62,0,0
342,5n8Ds6m1grTqiEq8Acb4GkakN9LB98n6AUG5a5RdJoAP,4,61,1,1
343,DdDSykxFBUXrQKCA7VHQrktPGxdajWvXxPk98jTXBPHt,4,61,1,1
344,Ay6zCeh3WYbydYESsi9DSWhAxVSvpA31DNfn8S3MoiBT,2,61,1,1
345,2DjjCMvme26Z9XrRx7xArr8q8bFj6uikABEMn69FAiVg,1,61,1,1
346,Bz9v7jfc74MV7wfceeyGn2RtakBPZdM8LYyhScp9eZJs,4,60,1,1
347,DuwpFfMC11GZyrmXZz61Ds3TGe57BvwgnFhZW6ekgVHJ,4,59,1,1
348,4khoEeQcJy6xy5ACGNsFqnyHnPtPnr8dtLd1dJoYLAxz,4,59,1,1
349,9E9qYTixiGuxHp9va4oDZH1zKzR2g9hufCXo7XvACphF,4,59,1,1
350,AvKK2F6Evgkgg2PmmjW3uVYADqG8cKnSdtm6jfHoKbVB,4,59,1,1
351,Fi9g4SnPWGTrcXeJ2cpttuBV4be1Kr7oHQMr8r8EKpfo,3,59,1,1
352,DtsuQQ7RFRYsGGQpPRvvJjaVb8zdiyfhakEDToym1oKe,3,58,1,1
353,8MdVLrcAp1wgLiarfqMtVRdrs8hRdrWV6ELu8vCkYBTc,3,58,1,1
354,9jaSeK8DgaqMteVKUz7KBJQvesmYzRUaRKpEtFh5WYP3,3,58,1,1
355,5bMYurdoxaSNSDne8iQPEcNVVWYEwq15hUexBQ8okc3X,1,58,0,0
356,GS7SNmqxWmJdD8tvCDFyN4645CaKH6xeYQggnHouGfo,4,57,1,1
357,6S4p3JBW49Lhc4ZxQBV7eeR6ZoB3dCYeheBEmSKbXJwq,4,57,1,1
358,F6DKmjSVjXyUDuTrPY1Tn4n7a53oK6S1aMgWTVkkxtVt,4,57,1,1
359,23SR7oxU6YSmDcChpetMgUiMNLcsBXaWQ4BPndJL5XGi,3,57,1,1
360,cACEdxQF6BnG3iBYJwWRgCPpdKCdsR8VhuNmcaTZdDP,2,57,1,1
361,5nV8Q32oYxdY8Newf17girV68VvuD8MNpW2grSABG1k5,2,57,1,1
362,BymJ9AMv1wAcUyusv4VMLzQsxgB8YtZmdivpBRRVt3XL,4,56,1,1
363,65MDz7V3SGCTp1arq5Eyonqaur6VJVdtT7nvdtWU5H8t,1,56,1,1
364,83mtGj5FQXNnVFR6EqMQm7SDvDbErFqQwxyzLhcuCtPe,5,54,1,1
365,3vxJkk2s1SfBBNc3SNGVqb5AUZT3MJ8ebxJv9tEFqCNq,4,54,1,1
366,9CNpZQLbZbpJ7LTjMcHxafk5uvhFhC6kwk2K3RGoGxpC,2,54,1,1
367,Bcppwvkp52ms8Hou97nKvr71GwKCTf5ghqBtmqgiK5uS,4,53,1,1
368,ChwHhSShVWS119JkeVmjnQ75od1xCGFDAYRvbjoR2Djo,3,53,1,1
369,5spPYnGHwZx9Cv431qPR29awWLDDcJg29356TsPW9q8n,4,52,1,1
370,BB7Uy1mmQZk79c1nP4YUwTvudJKWqpJJCGwbD8c8x2pY,4,52,1,1
371,5tPL7MKEiCsdDGyPbb43jQ47PAAJyAqr2FdQgYRg9Bcd,4,52,1,1
372,DcopCMAeXeyMZJNxmXrC7rhtzHwqQz1VC8Q75gutKcRx,3,52,1,1
373,pUYrWDSdKxPs7AqDh71diQFbqCCvdBUGXf2ZDn3Bm8o,3,51,1,1
374,5iwjMJxZnXe2Jofu1onuaj83QkFKAERkNC2TEnU9zY4t,3,51,1,1
375,Gu9pd8nXF8kKj4gvvzM7f8ds3pwMbvd2CWF7GiLf8mQi,4,50,1,1
376,EQtKBmq766gPA9vfCdhnCSabSw9RJ64mrKRQFvgH8MFQ,3,50,1,1
377,kRdt336ZHFswL4xLqqYiP8dQL844RBBD9xZk8txX2yf,2,50,1,1
378,CjpU9UrEmW2DCC5rZkvj5FfYq6q8SrTbMBQ9Jj4Yq5Mb,4,49,1,1
379,83kLATxGxFGRmp1QmHNcLAHZwqaSEAqR6U8R2CCyUDaX,2,49,1,1
380,86h5w6nNUXMKn3ihZgfPoMRpVXGCuU5pK9MXgHx9Rtbc,4,48,1,1
381,91AnuDnGgDxXXrDqE5rTXP3KVuFUGNB87XQpcvgjes5z,3,47,1,1
382,7QpfKeN8JgvtbaTctYNvhF2zhYdikw3XP1mJs3buXxVT,2,47,1,1
383,2ua3kEtx3kygQdiKM5dJn8Wdp3Ma8FQ6izNDV5gqSoHy,2,47,1,1
384,3zRiJbgekJ88YHxHpERprHBoFc17CyydTBR8hpGjRYEU,4,46,1,1
385,E7ZDapHM4zBAQ56uDRD6JezS7C366KFqR6JSs3a3dch5,4,46,1,1
386,JLHAg2FnDdTuwjfE4kAbQtu61R69m6NVjicuZFtP4xq,4,45,1,1
387,H3jAZDaDweo3SYuy11RytmiKJNWmXPMCrEp3V9aCzTcp,3,45,1,1
388,H5Qw61Kuz4rgrpQrQNZ23CRjW2WeXCh629T2xtHrXnRe,2,45,1,1
389,699zhW5xHE3hBgFvBdk3KkdZta6JywpUcpFT4HesKwJB,2,44,1,0
390,6aUfQbWzAfo3E3GMXY81Ru5x9uHyeshhStXDs5HEWW5z,4,43,1,1
391,BBwYU7DGTjrQvWPTfqmQeR3ysR8cEVGXpdMiqwPSqYjc,3,43,1,1
392,C95y7u9BC699QqEHzTBcMR48Z639xnPDVXG9Dna35jJS,3,43,1,1
393,8GvApCH83Sqk3nGhDLLmgRfmVZRRBb1GFnReqaZgyzdz,4,41,1,1
394,4PFL9dzDMMoi4gWHvwQjhWymW5uEkmFNwbnDBFy1A2x7,2,41,1,1
395,9jpVekdjMQRtvdv9N7c8TANxeqmLhKJu3ciUjQ33k1as,2,41,1,1
396,BWny6KPFeSNnYKhvZAz4MD5cCVdV8HiBzZpHXufbgABF,3,40,1,1
397,BAVnrSJ5dtjfhfKJgUPT3Hz4Aw3N4U91VVvJotfs3Ysw,2,40,1,1
398,HzryHo6bdTJydckQ1Vst8hfxcUM1nEW6m8MedMQxLE3N,2,39,1,1
399,DoxQN8BVnZpQSTsiw5bSYZioXJsMLR4o47hebVT6Wop1,2,39,1,1
400,FeikG7Kui7zw8srzShhrPv2TJgwAn61GU7m8xmaK9GnW,3,38,1,1
401,3CU5sEnUytADwUHxZDkX1gWRLAt1aB8YD6k5SchumZQL,2,38,1,1
402,AqGVRop8PGPqYCauJUHJcoURbX14T37ztgZj5qDwUGAv,1,37,1,1
403,3pmX7FJbqH8NLj4zWrBH7oCCbyASsVZJzFMAne4yo5TP,2,35,1,1
404,Gm3KfULKPzTG4az9ugLQa7rJYmUH9HbzQSS1aCEeidH9,2,34,1,1
405,4dNegoA8hYyfiQrVYRdvct4J6CChWYT6sXuzcoMghxik,3,33,1,1
406,jBspbcDpTnjxTRr5KPHejq6DCPYagGrnEQMF4KqVVyx,2,33,1,1
407,9cQJFmiXuaVCP66AdRnQysoopUJYRZhvaBNqsi3njUTE,1,33,1,1
408,6ZwXFkoKYevnYbdq9LfB9kvAjkHmo4kZrGrY7ofNyikf,2,32,1,1
409,CS14gdZahPoPcusmPxD8chy75CbPeZES1Z7ZeXDFuZYQ,1,32,1,1
410,2yz3xkjjc8zU1NfRPZJWy8f1Vw42FdaUfKr5H8QXGzcu,2,31,1,1
411,9gzXidcbz3AMnA9wdb4zRUy2DCGEwpQzFJrr2vJyxTdz,2,31,1,1
412,9SxrDTk6ZwB7bdS22UehW2UQ3fbdxfwUneuVNssmo3YA,2,31,1,1
413,9YjfdcNtGFwbMFjcqiztkMfki18rcSJunNwK93PmgTG8,1,31,1,1
414,4bGPopphVgGjrWYLqTtef2thwvoMuF1WMNv63ZFMZW6W,2,30,1,1
415,94uHe4tNkEqMN1xNC1hNhRNmQzSZm5gUFb5SYdKJSTai,2,30,1,1
416,3xvHjw6gktVUhbgyrDCNDUjUHu8LoaEUhagPQUSZX6F7,2,30,1,1
417,ANub6dD5fMGTpjo7i8J5gQzfEs9aCEAUP44xbQDpwDEC,2,30,1,1
418,2M4Pw8wLwudXEkefrZ2muxst6CjCsm1W8VBnFPKUvfXL,2,29,1,1
419,FLFmUz3FERwvAPtGpm1XmW7wTxuSP3YLwEJde6kquJkG,1,29,1,1
420,EUrbHbt7zcQCzcb9hx3sr7hd1DCSgeuPFYNYmptaeNyF,3,28,1,1
421,ckwhHhZmc8uEiZakJQbBAPdKdTh7VzseJZnz3KrefsP,1,28,1,1
422,Duhc8ngGLkizPhvzbHGLwS2TbkvnuvJgEPYkqJ3KAVXt,1,28,1,1
423,DJsms4pAjCHxZy1TY4W5qVtL9YjuMHjhtzfv5eAKjN81,2,27,1,1
424,7zDk3v9XG56iRDnEvQvQEeaLyt5ZAGxUeXCbN3mS7LaX,2,27,1,1
425,Hu6QvmQqmiBWYsLr54UG7Mm1bDGVG7W9WPrDzHhPoERh,2,27,1,1
426,5KkraVQy9GUjLyJ6bWRoarcf7EHP4T5YuSckzMfqpttY,1,27,1,1
427,8cbWWwqinVjPHocTNSn8EFdhbNEeUnuhf74n1SAXiWbG,1,27,1,1
428,5ntXv4928JZBKB1K4FViS6hU4QgELhQkVnLjz9ZtABNh,1,27,1,1
429,2Hw5dLGvUZmpfQnMhijJ5mWR3cTLDLRMLyHG2KmGceKX,1,27,1,1
430,EbsqA7LDBp2D8nD8Z8RsVcn5ytuMeE7h64kVkUBw9z8u,2,26,1,1
431,EMfXUEUGdCUqnU9c3j6sNojrbH7fs1RpAtk7ab19xNp7,2,26,1,1
432,7ncsJNf3j8qbU7YGn4GkgkbVBQ3MkEoBsbw8hPbVpvFW,1,26,1,1
433,4TB6KiQBMGVpHcgspnguTQqhqhM3wPtSnKdnsM4s8mWv,3,25,1,1
434,23oVP8ftMyo4jhmW1ZrEcQiLNF8mf8AZ3abJytBoKErU,1,25,1,1
435,28yfo8RuAFQA4STpFP2dSxK9i5ipZkhoDy3gxwHdQpG3,2,24,1,1
436,Bn4eXNCKzVxZpUELmggjqL9whNopfBMMRuPS5zQt2tgL,2,24,1,1
437,2T7E2DXQ71v1xJ8iM2HJuPKarWGJXuJ7LF5xYn5ZYkvf,2,24,1,1
438,DFgj7NGfiZtsSDeHm61nFivDSay3aKeNe4YnpfVVJQ97,1,24,1,1
439,8z9MBuUh8pw2N3DrFHuoCXZ6M7Ekc1dqgXMAqUT7HTsp,1,24,1,1
440,5ZVmPYQw4fAk7YNuVSh629MPmkyvYCExpASwjp6xcgyZ,2,23,1,1
441,25r53Lfie6S3NtJGjT9VriWzDPJYUMiDPunbECdP1BY9,1,23,1,1
442,EyP1mboLbrCbEyYHaHzAa6wipEtEdjdNciKnRATffuBG,1,23,1,1
443,G2nGYaFuoWR25sHWVMY894JYNAG9bLgebVfDyCjutUGQ,1,23,1,1
444,FY6gXEsssJy7ttLH6RxoFrmACGRhp88mAx3mt3aNcfs5,1,23,1,1
445,HYMhVBmNgWbCtv8ZYkUUnNCPS1TKzWsCZnwPnnfxb2iT,2,22,1,1
446,BzNj2nDcfJEL642xaSaNqoiTKuuY7tazBZrHDLT8SA9t,1,22,1,1
447,9cu6LZDH4QGW6z43yqNfaB8Z99i1Hi5Dz1dCM4ie6mc5,1,22,1,1
448,GR775a6rtSDntRpgRHCxQwGRULWhJPsf4Mc11SsLv1U6,2,21,1,1
449,J68cNcRfxPCwjTuy8aYnZ996NJHe8nvYg4ZL4omdrJu5,1,20,1,1
450,6mQqWx3NwK1LgSShrLEhiC17z1BNDU1vhFXfnx89Tr7h,1,20,1,1
451,TopozN6tRbeghtDFZALdy5THQpWG8GysPtBUqs8YaxV,1,20,1,1
452,9w9Ypo2q9X7jLSVq3psdsL8gktQfbPJ32aTh5dp6HM2F,1,20,1,1
453,8q2jiV6yfjAoLRLjEqQxeUum52ut8ESawPghqUzbcVU9,2,19,1,1
454,Avuo2e2qYgoVQHZU1mX5CYEb7XRtxiDBkAQtdu2Zx8G8,2,19,1,1
455,FB9dsFz3ngzwD3ymMUsNfwJGA8Qs6Z6Gdkz38CiTwNkg,1,19,1,1
456,5MVmuiGFByvTn6K5J55m29FFFgT9kBKJ6LFncJzNMVri,1,19,1,1
457,4EBDnXwkGNQCNpnf6WVFMBLeZXbCrRjuir3gxHqwp43V,2,18,1,1
458,H6VmZW2jX8ZCcCunMhWs1UwD3E2GA1Bw52VHVtrQXMeD,1,18,1,1
459,Eg2aNw75VA6RwPZUUGrsiPtDgpEWkNGYcJ2KSzk12UEo,1,17,1,1
460,9oHf17b8uvXLKehTNK8dRcuy4Qv479WSEwFidD8VpBJV,1,17,1,1
461,947othPuSK2LqQgcY7ux7B9JRqHayk6ViR8Wwm2jVaHz,1,17,1,1
462,7K9EycwtPXSUkPYaeHsYwutr8N1sbxP1N6kn8bEBAHC3,1,16,1,1
463,8p671fg4qxmks1m6pW3wysWopRDdcg4GvfSMnyvnjLe4,1,16,1,1
464,9XvJXzEc8AtTNqsx6MyRtCkX6yZmsdsgfKRT33d6Cf7j,1,16,1,1
465,357PgoVvSDqfG6pPPHcPKtg9c6ANGgCXKQyxn49ULWCV,1,16,1,1
466,82KtieiaVs9HCetxCq4wVdoqu6XMAkRaNNr7oYkbYpUK,1,16,1,1
467,9dm41a6y1rtxYHzPGWHasbvVL6JHKuQjzn45nHhTuofA,1,16,1,1
468,AV3MaKVLBQPZyyRucRw1RpMaMfBExvybYGBKxySXxMw8,1,16,1,1
469,EnDmwaPoNSt4PzNYRAMSmEFYujbAZUWNDJJXSyEUCPMj,1,16,1,1
470,BH5QNe8ky5nPWb1zLo8z2LaUVHAvMGbKCtrWxNyb9hjb,1,16,1,1
471,JD1qbCrBdMjMENpoi3pAPPQ98hSXDPGYHHLpJgEncA76,1,15,1,1
472,dL3Ud1VQPWuA98J9uuhRHYaWA6WXNRokAUcR1snE3Ls,1,15,1,1
473,4M3mUCLrPzGQbdmVwuXdmHjJeffE28AjvUfdraw8GrUx,1,15,1,1
474,msqdyDdCintkUTHoo5PNLgzcnuijDkFRUPJ27YiarQY,1,15,1,1
475,8mRBA6ush5BTt1MtageP46xgickcVfnTARTbaKzt6LTm,1,15,1,1
476,BBNVSHZdQKYjoggaUgDaBLpnfaxpJhuzLLdacgUb6Dhx,1,14,1,1
477,4KnTNgtxu5GpjQyHAsZhB9cTXfDtjvCQN5r1FeectH9K,1,14,1,1
478,BhxNsLvUz1VP9G9VYaeKYVUGcjeZLyxGcy8nPaSnb4w1,1,14,1,1
479,6yQf2NUBYRNkfm179kWZbVDnfza6ZNCCe6w87K27Jhyy,1,14,1,1
480,Ap2xjckXq57wbJeEGrzuAjC43VUaqeV28k3J6UNNXwcC,1,14,1,1
481,4wrfe8Gucq5wUEnJ85nbt2cV2WmRhNEA99EfaFKHbsB4,1,14,1,1
482,2qVU3Z1yLpgx5zevzBLy67aQv5FxMBN1kdtDq4C9Chs7,1,14,1,1
483,5UgWcMqtAuGYG7mNVvJUKs1Dh8A5mz3seQSX2RZKHXkb,1,13,1,1
484,AzjC4v7T3qBn5yMpBfwdK8YNznDo9o5charD9Yr8eYwE,1,13,1,1
485,4CLs43PeWmVQCCoKFYaJtnSTqhMMazroNRjGQNcztbe8,1,13,1,1
486,3VztnAYGyKahgHZLc91uFvWZiFRbgH1atdDEheN6goxy,1,13,1,1
487,CwT3JhqAKQSEPhAYhQ9ndFHW5hRumjz2Q1qpYBXoG6jK,1,13,1,1
488,BFac57mthaWADYYTrao66WrxASBdNP64QpGz1Wy9JkUx,1,13,1,1
489,CJVoC7628UssvRh9zJPg4Az6VqCi2Jbjk257tsBy79cL,1,13,1,1
490,8XsKhraiuvfHfzioadvP4pBF5QhLVJ1aj7yCRiD2vSYG,1,13,1,1
491,AQc4dWkv5qMXMKNxVANXT5n3xEguNuLYLrrik1gcg8k7,1,13,1,1
492,DemRbtqQo2W1u6kvQVrAAnJb4LWB8vMxWfpMVf5cwup8,1,13,1,1
493,FA9kDb2YJ4RYuEazTsksm5Hvh1wSWRK8up7SjzvQs38E,1,13,1,1
494,9wGsrhyh8hSAwCWbzHsHpeeVfDWhkhVMsydebVArWjar,1,13,1,1
495,JBM7PkbN5vcNhqLJMHX9hJ4oxsshMhcvsdHtJuFHseAo,1,13,1,1
496,4z3gJkEEU4SiQhtGZ7693KZaRGGhHQzvhxpsjpa3g747,1,13,1,1
497,28cnXrsth19oerk7erAhZjmLnPtEXYrWmKkhBhnGTJW1,1,12,1,1
498,HzZhM2Z2Nm598y3npp37UDWK8sx4k8bV9m6iwPtn5ipC,1,12,1,1
499,G1cHPxwbGQZXrVrwEescBxcSoY6RKQmCzkDqexkT7dgV,1,12,1,1
500,EqeZNaQhDYjoKDeFNsMYs8gxQfi7gsecppuHGdwE9Hbr,1,12,1,1
501,9mwKcRpTiGZ7XU2Ax9ErD7EKTxC1eEPmY3tqFriD9ar3,1,12,1,1
502,9k33YSEFbfUHnwKCDGdBUW5drXrdjgxhveAA2JKxT4S8,1,12,1,1
503,7kybhCf7BcYQgayQkFfQbafLKdqccJd9Wn8c4XCh4D9Z,1,12,1,1
504,4Vbv62PbUuQEFHPShuXw63iDrh42qHrQVMrm8WTZ4QQW,1,12,0,0
505,EicX8odnCqR7XGPBVuJ7tr2vvv91JiukHon8H7PbSJmy,1,11,1,1
506,VJeczF2oPQTmAS7rUTcQPoucNRE5gp55NXbkLtDzyNJ,1,11,1,1
507,4K19ngVkAediJzMoH7Z7dWiPTeNk1Ztweoh2PozTbu4X,1,11,1,1
508,GAj78U26xNzd5zas87T85sR4GTLexqqZ4e1AcDbfFQPK,1,11,1,1
509,2FENZxXc4JXzAz5bRQRWheP33oYizL2WhzVU8hL7yAGo,1,11,1,1
510,45pannxSUmuSjc4tYJA5JSwmtM7AyUf16146ATBrXRN5,1,11,1,1
511,4gqfEGn26nPBVdgxnyaHgxRtuaHzQ5F2NUsHAGFqPZuQ,1,11,1,1
512,Bv7iFay89dp1UuHmYtuxfDknwXBLQ79RnM2aDE2AKFxE,1,11,1,1
513,FUe8eFZ169uyhVd1H8W23vC2isoosuy4xxKF6euMnsi1,1,11,1,1
514,FMQADbmhxe2XiRGQoTwGa1t8KTSqLSBmMFgjpAkFxwGA,1,11,1,1
515,8Vpqxxbon9s4Hnk2eMhysjx6XKjHiUgEUAm3MSq9yQv2,1,10,1,1
516,DJzrXVXimLrySYkwfR2zZDrahxUhc1gMjqkdQR5yiq9W,1,10,1,1
517,2fAhw7dUJPxaedCDA41RjmkpZQL4GX51xsoY9DfxJthA,1,10,1,1
518,X8vrjuJrf8LdQVtDEfqNnn2TXekZAVdhBm2kUmWELa2,1,10,1,1
519,7bSokQiyvAGdcb8RwWJhXmUn9UVHDc5CLB76RwEknri4,1,10,1,1
520,9A8LQhKZL9mpEpaczLiMp4HfE8z6uKgPEitSuF461ufb,1,10,1,1
521,CTxcbtPQ5V3HpQs9wvGauDRpYCHguZn4RpNDnfs1BDmh,1,10,1,1
522,AsJQDsum2in1ofjarLTMnRK6hBi8qwmRbvE6QKTTdFAk,1,10,1,1
523,GxK2ChjG81Dx3hbr2zfUyJpFLsdnD7ZxG3468pWmPfqA,1,10,1,1
524,6C6BQDgF9hb9FVpaB8NxSqTPhNbpHWUGEsVKApyXnFho,1,10,1,1
525,5kSdfCSQzsCwJ8eezknAgoWAvHrG4Us7oQhV9QYB97iH,1,10,1,1
526,62JMRHqPYUGGKNibfsfWNvptcZoG921PiShBofLbFfp9,1,10,1,1
527,3TWjbbtVtbe1gs14w2WbDxjpN32g2dowKbBhF2yNXYB6,1,10,1,1
528,F2h9itCPMT1v2tMsQxh7DAPskoUcarGN9CDnSg6WA3zy,2,9,1,0
529,FMKCPvwZKMArfPDVGCsAmEvHpKv1fhJppjwAboiZnwMK,1,9,1,1
530,EL34QTtx6fHMxPKXBQjz6JCqiHK4jbnFzTikhrR7Hbii,1,9,1,1
531,3uZbLCuwQ4dWqX5G6cUwBxyF41xL58CdAENRZJefn9Hh,1,9,1,1
532,eGCtUgZWaoVSBVDX1bfL44oqU8waCz94gm4kf2tQoQN,1,9,1,1
533,C3v7ac5Aq9d3dtAVmzNqvpDywNisFNrLYxTZL3xHTCnf,1,9,1,1
534,2cJnJwnrLJyXGQe5gFUhQbXQszjZff7QMRgAeyt984Fh,1,9,1,1
535,8cgmBUkgFm2e6EUgM3NLpEeAnNjiY68sfW88izbWnG9W,1,9,1,1
536,6No2LXHU6vPTNk4J7fsqfiZ7cqZN97prpMxAEhwz2WKa,1,9,1,1
537,3kenqnbKVwWVq2du4Bre1JdsFgZJrjVjA84TvmHkLw8q,1,9,1,1
538,H5ZEDnb1XTMY8qzqppVWeeartsNgfegsAMPS25FUaQhx,1,8,1,1
539,6fqbSyhh3PPdgRcLraHb7Jahj9s1oHHeX3SsjNSsGa6t,1,8,1,1
540,3m1ZrEKEvGMXQB31G1peYFVi9EUrgWNk7Pn5eSzTuoPX,1,8,1,1
541,AyF2LM5Xh13KAqLXy1viux6wEPAxcAeJ2iLx5QbXYdHn,1,8,1,1
542,YPD2UhPByFPinFM7CjtVNZgVH2QNyxVKWB45vacHm74,1,7,1,1
543,AYrdXEixohubEbu6Hjga7zpQjuz3qkvtQyzikDxoKZMf,1,7,1,1
544,Hp66qZtD1ZA7nsqEBrN4BaK3GArF7VFc2C1y8925tCdr,1,7,1,1
545,J34vpqJdUCTBj9YcvRUq6MkwRbXWWFfSiHbfQ6LKvsiE,1,7,1,1
546,3d1qLCeLd8ZEiLWxb2ih6x4kCY4aUVCqTRkgEsNmWNby,1,6,1,1
547,CZXQy51q5mh8AnJQGGEyzA14BaUCDof96mQCLob1kQ3Z,1,6,1,1
548,4dK6ztfea7QNyrFd3qaYggYf3cwHVo8q9vD2wjs8vtQW,1,6,1,1
549,DtbpuVYt2u1Rdt2vHHB6UuTp52SJXmj7CwYg6qfgYzPZ,1,6,1,1
550,6G6kXbPpLqa5nWbaBsfzvjKK5wrhh1kw6PHjGmmz5BjZ,1,5,1,1
551,6j8kE78hYCiVohFkdYFXW4RXVyjQjeqJcy4hCfGHSYg2,1,4,1,1
552,6k5fHT46nV6AnE6vUeFrVLHvK9awcGNmudkEwP2LHKp4,2,0,1,1
